Dataset:name:Specimens	/uod/idr/filesets/idr0124-esteban-heartmorphogenesis/20211023-ftp/Collection/E44/E44.lif
Dataset:name:Specimens	/uod/idr/filesets/idr0124-esteban-heartmorphogenesis/20211023-ftp/Collection/E1/E1.lif
Dataset:name:Specimens	/uod/idr/filesets/idr0124-esteban-heartmorphogenesis/20211023-ftp/Collection/E36/E36.lif
Dataset:name:Specimens	/uod/idr/filesets/idr0124-esteban-heartmorphogenesis/20211023-ftp/Collection/E27/E27.lif
Dataset:name:Specimens	/uod/idr/filesets/idr0124-esteban-heartmorphogenesis/20211023-ftp/Collection/E52/E52.lif
Dataset:name:Specimens	/uod/idr/filesets/idr0124-esteban-heartmorphogenesis/20211023-ftp/Collection/E37/E37.lif
Dataset:name:Specimens	/uod/idr/filesets/idr0124-esteban-heartmorphogenesis/20211023-ftp/Collection/E46/E46.lif
Dataset:name:Specimens	/uod/idr/filesets/idr0124-esteban-heartmorphogenesis/20211023-ftp/Collection/E15/E15.lif
Dataset:name:Specimens	/uod/idr/filesets/idr0124-esteban-heartmorphogenesis/20211023-ftp/Collection/E25/E25.lif
Dataset:name:Specimens	/uod/idr/filesets/idr0124-esteban-heartmorphogenesis/20211023-ftp/Collection/E22/E22.lif
Dataset:name:Specimens	/uod/idr/filesets/idr0124-esteban-heartmorphogenesis/20211023-ftp/Collection/E33/E33.lif
Dataset:name:Specimens	/uod/idr/filesets/idr0124-esteban-heartmorphogenesis/20211023-ftp/Collection/E14/E14.lif
Dataset:name:Specimens	/uod/idr/filesets/idr0124-esteban-heartmorphogenesis/20211023-ftp/Collection/E7/E7.lif
Dataset:name:Specimens	/uod/idr/filesets/idr0124-esteban-heartmorphogenesis/20211023-ftp/Collection/E40/E40.lif
Dataset:name:Specimens	/uod/idr/filesets/idr0124-esteban-heartmorphogenesis/20211023-ftp/Collection/E51/E51.lif
Dataset:name:Specimens	/uod/idr/filesets/idr0124-esteban-heartmorphogenesis/20211023-ftp/Collection/E10/E10.lif
Dataset:name:Specimens	/uod/idr/filesets/idr0124-esteban-heartmorphogenesis/20211023-ftp/Collection/E42/E42.lif
Dataset:name:Specimens	/uod/idr/filesets/idr0124-esteban-heartmorphogenesis/20211023-ftp/Collection/E28/E28.lif
Dataset:name:Specimens	/uod/idr/filesets/idr0124-esteban-heartmorphogenesis/20211023-ftp/Collection/E31/E31.lif
Dataset:name:Specimens	/uod/idr/filesets/idr0124-esteban-heartmorphogenesis/20211023-ftp/Collection/E17/E17.lif
Dataset:name:Specimens	/uod/idr/filesets/idr0124-esteban-heartmorphogenesis/20211023-ftp/Collection/E18/E18.lif
Dataset:name:Specimens	/uod/idr/filesets/idr0124-esteban-heartmorphogenesis/20211023-ftp/Collection/E3/E3.lif
Dataset:name:Specimens	/uod/idr/filesets/idr0124-esteban-heartmorphogenesis/20211023-ftp/Collection/E38/E38.lif
Dataset:name:Specimens	/uod/idr/filesets/idr0124-esteban-heartmorphogenesis/20211023-ftp/Collection/E49/E49.lif
Dataset:name:Specimens	/uod/idr/filesets/idr0124-esteban-heartmorphogenesis/20211023-ftp/Collection/E39/E39.lif
Dataset:name:Specimens	/uod/idr/filesets/idr0124-esteban-heartmorphogenesis/20211023-ftp/Collection/E45/E45.lif
Dataset:name:Specimens	/uod/idr/filesets/idr0124-esteban-heartmorphogenesis/20211023-ftp/Collection/E48/E48.lif
Dataset:name:Specimens	/uod/idr/filesets/idr0124-esteban-heartmorphogenesis/20211023-ftp/Collection/E41/E41.lif
Dataset:name:Specimens	/uod/idr/filesets/idr0124-esteban-heartmorphogenesis/20211023-ftp/Collection/E2/E2.lif
Dataset:name:Specimens	/uod/idr/filesets/idr0124-esteban-heartmorphogenesis/20211023-ftp/Collection/E6/E6.lif
Dataset:name:Specimens	/uod/idr/filesets/idr0124-esteban-heartmorphogenesis/20211023-ftp/Collection/E23/E23.lif
Dataset:name:Specimens	/uod/idr/filesets/idr0124-esteban-heartmorphogenesis/20211023-ftp/Collection/E8/E8.lif
Dataset:name:Specimens	/uod/idr/filesets/idr0124-esteban-heartmorphogenesis/20211023-ftp/Collection/E30/E30.lif
Dataset:name:Specimens	/uod/idr/filesets/idr0124-esteban-heartmorphogenesis/20211023-ftp/Collection/E20/E20.lif
Dataset:name:Specimens	/uod/idr/filesets/idr0124-esteban-heartmorphogenesis/20211023-ftp/Collection/E50/E50.lif
Dataset:name:Specimens	/uod/idr/filesets/idr0124-esteban-heartmorphogenesis/20211023-ftp/Collection/E12/E12.lif
Dataset:name:Specimens	/uod/idr/filesets/idr0124-esteban-heartmorphogenesis/20211023-ftp/Collection/E26/E26.lif
Dataset:name:Specimens	/uod/idr/filesets/idr0124-esteban-heartmorphogenesis/20211023-ftp/Collection/E43/E43.lif
Dataset:name:Specimens	/uod/idr/filesets/idr0124-esteban-heartmorphogenesis/20211023-ftp/Collection/E16/E16.lif
Dataset:name:Specimens	/uod/idr/filesets/idr0124-esteban-heartmorphogenesis/20211023-ftp/Collection/E19/E19.lif
Dataset:name:Specimens	/uod/idr/filesets/idr0124-esteban-heartmorphogenesis/20211023-ftp/Collection/E21/E21.lif
Dataset:name:Specimens	/uod/idr/filesets/idr0124-esteban-heartmorphogenesis/20211023-ftp/Collection/E32/E32.lif
Dataset:name:Specimens	/uod/idr/filesets/idr0124-esteban-heartmorphogenesis/20211023-ftp/Collection/E47/E47.lif
Dataset:name:Specimens	/uod/idr/filesets/idr0124-esteban-heartmorphogenesis/20211023-ftp/Collection/E24/E24.lif
Dataset:name:Specimens	/uod/idr/filesets/idr0124-esteban-heartmorphogenesis/20211023-ftp/Collection/E13/E13.lif
Dataset:name:Specimens	/uod/idr/filesets/idr0124-esteban-heartmorphogenesis/20211023-ftp/Collection/E5/E4.lif
Dataset:name:Specimens	/uod/idr/filesets/idr0124-esteban-heartmorphogenesis/20211023-ftp/Collection/E5/E5.lif
Dataset:name:Specimens	/uod/idr/filesets/idr0124-esteban-heartmorphogenesis/20211023-ftp/Collection/E11/E11.lif
Dataset:name:Specimens	/uod/idr/filesets/idr0124-esteban-heartmorphogenesis/20211023-ftp/Collection/E35/E35.lif
Dataset:name:Specimens	/uod/idr/filesets/idr0124-esteban-heartmorphogenesis/20211023-ftp/Collection/E34/E34.lif
Dataset:name:Specimens	/uod/idr/filesets/idr0124-esteban-heartmorphogenesis/20211023-ftp/Collection/E29/E29.lif
Dataset:name:Specimens	/uod/idr/filesets/idr0124-esteban-heartmorphogenesis/20211023-ftp/Collection/E9/E9.lif
Dataset:name:Specimens	/uod/idr/filesets/idr0124-esteban-heartmorphogenesis/20211023-ftp/Collection/E44/E44_SegImgs_Splanchnic.nii
Dataset:name:Specimens	/uod/idr/filesets/idr0124-esteban-heartmorphogenesis/20211023-ftp/Collection/E44/E44_SegImgs_Somatic.nii
Dataset:name:Specimens	/uod/idr/filesets/idr0124-esteban-heartmorphogenesis/20211023-ftp/Collection/E44/E44_SegImgs_Paraxial.nii
Dataset:name:Specimens	/uod/idr/filesets/idr0124-esteban-heartmorphogenesis/20211023-ftp/Collection/E44/E44_SegImgs_Aortic_lumen.nii
Dataset:name:Specimens	/uod/idr/filesets/idr0124-esteban-heartmorphogenesis/20211023-ftp/Collection/E44/E44_SegImgs_Foregut_endoderm.nii
Dataset:name:Specimens	/uod/idr/filesets/idr0124-esteban-heartmorphogenesis/20211023-ftp/Collection/E44/E44_SegImgs_Myocardium.nii
Dataset:name:Specimens	/uod/idr/filesets/idr0124-esteban-heartmorphogenesis/20211023-ftp/Collection/E44/E44_SegImgs_Endocardial_lumen.nii
Dataset:name:Specimens	/uod/idr/filesets/idr0124-esteban-heartmorphogenesis/20211023-ftp/Collection/E1/E1_SegImgs_Splanchnic.nii
Dataset:name:Specimens	/uod/idr/filesets/idr0124-esteban-heartmorphogenesis/20211023-ftp/Collection/E1/E1_SegImgs_Paraxial.nii
Dataset:name:Specimens	/uod/idr/filesets/idr0124-esteban-heartmorphogenesis/20211023-ftp/Collection/E1/E1_SegImgs_Aortic_lumen.nii
Dataset:name:Specimens	/uod/idr/filesets/idr0124-esteban-heartmorphogenesis/20211023-ftp/Collection/E1/E1_SegImgs_Foregut_endoderm.nii
Dataset:name:Specimens	/uod/idr/filesets/idr0124-esteban-heartmorphogenesis/20211023-ftp/Collection/E1/E1_SegImgs_Myocardium.nii
Dataset:name:Specimens	/uod/idr/filesets/idr0124-esteban-heartmorphogenesis/20211023-ftp/Collection/E1/E1_SegImgs_Somatic.nii
Dataset:name:Specimens	/uod/idr/filesets/idr0124-esteban-heartmorphogenesis/20211023-ftp/Collection/E36/E36_SegImgs_Splanchnic.nii
Dataset:name:Specimens	/uod/idr/filesets/idr0124-esteban-heartmorphogenesis/20211023-ftp/Collection/E36/E36_SegImgs_Somatic.nii
Dataset:name:Specimens	/uod/idr/filesets/idr0124-esteban-heartmorphogenesis/20211023-ftp/Collection/E36/E36_SegImgs_Paraxial.nii
Dataset:name:Specimens	/uod/idr/filesets/idr0124-esteban-heartmorphogenesis/20211023-ftp/Collection/E36/E36_SegImgs_Aortic_lumen.nii
Dataset:name:Specimens	/uod/idr/filesets/idr0124-esteban-heartmorphogenesis/20211023-ftp/Collection/E36/E36_SegImgs_Foregut_endoderm.nii
Dataset:name:Specimens	/uod/idr/filesets/idr0124-esteban-heartmorphogenesis/20211023-ftp/Collection/E36/E36_SegImgs_Myocardium.nii
Dataset:name:Specimens	/uod/idr/filesets/idr0124-esteban-heartmorphogenesis/20211023-ftp/Collection/E36/E36_SegImgs_Endocardial_lumen.nii
Dataset:name:Specimens	/uod/idr/filesets/idr0124-esteban-heartmorphogenesis/20211023-ftp/Collection/E27/E27_SegImgs_Myocardium.nii
Dataset:name:Specimens	/uod/idr/filesets/idr0124-esteban-heartmorphogenesis/20211023-ftp/Collection/E27/E27_SegImgs_Splanchnic.nii
Dataset:name:Specimens	/uod/idr/filesets/idr0124-esteban-heartmorphogenesis/20211023-ftp/Collection/E27/E27_SegImgs_Somatic.nii
Dataset:name:Specimens	/uod/idr/filesets/idr0124-esteban-heartmorphogenesis/20211023-ftp/Collection/E27/E27_SegImgs_Paraxial.nii
Dataset:name:Specimens	/uod/idr/filesets/idr0124-esteban-heartmorphogenesis/20211023-ftp/Collection/E27/E27_SegImgs_Aortic_lumen.nii
Dataset:name:Specimens	/uod/idr/filesets/idr0124-esteban-heartmorphogenesis/20211023-ftp/Collection/E27/E27_SegImgs_Endocardial_lumen.nii
Dataset:name:Specimens	/uod/idr/filesets/idr0124-esteban-heartmorphogenesis/20211023-ftp/Collection/E27/E27_SegImgs_Foregut_endoderm.nii
Dataset:name:Specimens	/uod/idr/filesets/idr0124-esteban-heartmorphogenesis/20211023-ftp/Collection/E52/E52_SegImgs_Somatic.nii
Dataset:name:Specimens	/uod/idr/filesets/idr0124-esteban-heartmorphogenesis/20211023-ftp/Collection/E52/E52_SegImgs_Foregut_endoderm.nii
Dataset:name:Specimens	/uod/idr/filesets/idr0124-esteban-heartmorphogenesis/20211023-ftp/Collection/E52/E52_SegImgs_Myocardium.nii
Dataset:name:Specimens	/uod/idr/filesets/idr0124-esteban-heartmorphogenesis/20211023-ftp/Collection/E52/E52_SegImgs_Splanchnic.nii
Dataset:name:Specimens	/uod/idr/filesets/idr0124-esteban-heartmorphogenesis/20211023-ftp/Collection/E52/E52_SegImgs_Paraxial.nii
Dataset:name:Specimens	/uod/idr/filesets/idr0124-esteban-heartmorphogenesis/20211023-ftp/Collection/E37/E37_SegImgs_Myocardium.nii
Dataset:name:Specimens	/uod/idr/filesets/idr0124-esteban-heartmorphogenesis/20211023-ftp/Collection/E37/E37_SegImgs_Endocardial_lumen.nii
Dataset:name:Specimens	/uod/idr/filesets/idr0124-esteban-heartmorphogenesis/20211023-ftp/Collection/E37/E37_SegImgs_Foregut_endoderm.nii
Dataset:name:Specimens	/uod/idr/filesets/idr0124-esteban-heartmorphogenesis/20211023-ftp/Collection/E46/E46_SegImgs_Myocardium.nii
Dataset:name:Specimens	/uod/idr/filesets/idr0124-esteban-heartmorphogenesis/20211023-ftp/Collection/E46/E46_SegImgs_Splanchnic.nii
Dataset:name:Specimens	/uod/idr/filesets/idr0124-esteban-heartmorphogenesis/20211023-ftp/Collection/E46/E46_SegImgs_Somatic.nii
Dataset:name:Specimens	/uod/idr/filesets/idr0124-esteban-heartmorphogenesis/20211023-ftp/Collection/E46/E46_SegImgs_Paraxial.nii
Dataset:name:Specimens	/uod/idr/filesets/idr0124-esteban-heartmorphogenesis/20211023-ftp/Collection/E46/E46_SegImgs_Aortic_lumen.nii
Dataset:name:Specimens	/uod/idr/filesets/idr0124-esteban-heartmorphogenesis/20211023-ftp/Collection/E46/E46_SegImgs_Endocardial_lumen.nii
Dataset:name:Specimens	/uod/idr/filesets/idr0124-esteban-heartmorphogenesis/20211023-ftp/Collection/E46/E46_SegImgs_Foregut_endoderm.nii
Dataset:name:Specimens	/uod/idr/filesets/idr0124-esteban-heartmorphogenesis/20211023-ftp/Collection/E15/E15_SegImgs_Splanchnic.nii
Dataset:name:Specimens	/uod/idr/filesets/idr0124-esteban-heartmorphogenesis/20211023-ftp/Collection/E15/E15_SegImgs_Somatic.nii
Dataset:name:Specimens	/uod/idr/filesets/idr0124-esteban-heartmorphogenesis/20211023-ftp/Collection/E15/E15_SegImgs_Paraxial.nii
Dataset:name:Specimens	/uod/idr/filesets/idr0124-esteban-heartmorphogenesis/20211023-ftp/Collection/E15/E15_SegImgs_Foregut_endoderm.nii
Dataset:name:Specimens	/uod/idr/filesets/idr0124-esteban-heartmorphogenesis/20211023-ftp/Collection/E15/E15_SegImgs_Myocardium.nii
Dataset:name:Specimens	/uod/idr/filesets/idr0124-esteban-heartmorphogenesis/20211023-ftp/Collection/E15/E15_SegImgs_Aortic_lumen.nii
Dataset:name:Specimens	/uod/idr/filesets/idr0124-esteban-heartmorphogenesis/20211023-ftp/Collection/E15/E15_SegImgs_Endocardial_lumen.nii
Dataset:name:Specimens	/uod/idr/filesets/idr0124-esteban-heartmorphogenesis/20211023-ftp/Collection/E25/E25_SegImgs_Splanchnic.nii
Dataset:name:Specimens	/uod/idr/filesets/idr0124-esteban-heartmorphogenesis/20211023-ftp/Collection/E25/E25_SegImgs_Somatic.nii
Dataset:name:Specimens	/uod/idr/filesets/idr0124-esteban-heartmorphogenesis/20211023-ftp/Collection/E25/E25_SegImgs_Paraxial.nii
Dataset:name:Specimens	/uod/idr/filesets/idr0124-esteban-heartmorphogenesis/20211023-ftp/Collection/E25/E25_SegImgs_Aortic_lumen.nii
Dataset:name:Specimens	/uod/idr/filesets/idr0124-esteban-heartmorphogenesis/20211023-ftp/Collection/E25/E25_SegImgs_Foregut_endoderm.nii
Dataset:name:Specimens	/uod/idr/filesets/idr0124-esteban-heartmorphogenesis/20211023-ftp/Collection/E25/E25_SegImgs_Myocardium.nii
Dataset:name:Specimens	/uod/idr/filesets/idr0124-esteban-heartmorphogenesis/20211023-ftp/Collection/E25/E25_SegImgs_Endocardial_lumen.nii
Dataset:name:Specimens	/uod/idr/filesets/idr0124-esteban-heartmorphogenesis/20211023-ftp/Collection/E22/E22_SegImgs_Foregut_endoderm.nii
Dataset:name:Specimens	/uod/idr/filesets/idr0124-esteban-heartmorphogenesis/20211023-ftp/Collection/E22/E22_SegImgs_Myocardium.nii
Dataset:name:Specimens	/uod/idr/filesets/idr0124-esteban-heartmorphogenesis/20211023-ftp/Collection/E22/E22_SegImgs_Splanchnic.nii
Dataset:name:Specimens	/uod/idr/filesets/idr0124-esteban-heartmorphogenesis/20211023-ftp/Collection/E22/E22_SegImgs_Somatic.nii
Dataset:name:Specimens	/uod/idr/filesets/idr0124-esteban-heartmorphogenesis/20211023-ftp/Collection/E22/E22_SegImgs_Paraxial.nii
Dataset:name:Specimens	/uod/idr/filesets/idr0124-esteban-heartmorphogenesis/20211023-ftp/Collection/E22/E22_SegImgs_Aortic_lumen.nii
Dataset:name:Specimens	/uod/idr/filesets/idr0124-esteban-heartmorphogenesis/20211023-ftp/Collection/E22/E22_SegImgs_Endocardial_lumen.nii
Dataset:name:Specimens	/uod/idr/filesets/idr0124-esteban-heartmorphogenesis/20211023-ftp/Collection/E33/E33_SegImgs_Splanchnic.nii
Dataset:name:Specimens	/uod/idr/filesets/idr0124-esteban-heartmorphogenesis/20211023-ftp/Collection/E33/E33_SegImgs_Somatic.nii
Dataset:name:Specimens	/uod/idr/filesets/idr0124-esteban-heartmorphogenesis/20211023-ftp/Collection/E33/E33_SegImgs_Paraxial.nii
Dataset:name:Specimens	/uod/idr/filesets/idr0124-esteban-heartmorphogenesis/20211023-ftp/Collection/E33/E33_SegImgs_Aortic_lumen.nii
Dataset:name:Specimens	/uod/idr/filesets/idr0124-esteban-heartmorphogenesis/20211023-ftp/Collection/E33/E33_SegImgs_Foregut_endoderm.nii
Dataset:name:Specimens	/uod/idr/filesets/idr0124-esteban-heartmorphogenesis/20211023-ftp/Collection/E33/E33_SegImgs_Myocardium.nii
Dataset:name:Specimens	/uod/idr/filesets/idr0124-esteban-heartmorphogenesis/20211023-ftp/Collection/E33/E33_SegImgs_Endocardial_lumen.nii
Dataset:name:Specimens	/uod/idr/filesets/idr0124-esteban-heartmorphogenesis/20211023-ftp/Collection/E14/E14_SegImgs_Myocardium.nii
Dataset:name:Specimens	/uod/idr/filesets/idr0124-esteban-heartmorphogenesis/20211023-ftp/Collection/E14/E14_SegImgs_Splanchnic.nii
Dataset:name:Specimens	/uod/idr/filesets/idr0124-esteban-heartmorphogenesis/20211023-ftp/Collection/E14/E14_SegImgs_Somatic.nii
Dataset:name:Specimens	/uod/idr/filesets/idr0124-esteban-heartmorphogenesis/20211023-ftp/Collection/E14/E14_SegImgs_Paraxial.nii
Dataset:name:Specimens	/uod/idr/filesets/idr0124-esteban-heartmorphogenesis/20211023-ftp/Collection/E14/E14_SegImgs_Aortic_lumen.nii
Dataset:name:Specimens	/uod/idr/filesets/idr0124-esteban-heartmorphogenesis/20211023-ftp/Collection/E14/E14_SegImgs_Endocardial_lumen.nii
Dataset:name:Specimens	/uod/idr/filesets/idr0124-esteban-heartmorphogenesis/20211023-ftp/Collection/E14/E14_SegImgs_Foregut_endoderm.nii
Dataset:name:Specimens	/uod/idr/filesets/idr0124-esteban-heartmorphogenesis/20211023-ftp/Collection/E7/E7_SegImgs_Splanchnic.nii
Dataset:name:Specimens	/uod/idr/filesets/idr0124-esteban-heartmorphogenesis/20211023-ftp/Collection/E7/E7_SegImgs_Somatic.nii
Dataset:name:Specimens	/uod/idr/filesets/idr0124-esteban-heartmorphogenesis/20211023-ftp/Collection/E7/E7_SegImgs_Aortic_lumen.nii
Dataset:name:Specimens	/uod/idr/filesets/idr0124-esteban-heartmorphogenesis/20211023-ftp/Collection/E7/E7_SegImgs_Myocardium.nii
Dataset:name:Specimens	/uod/idr/filesets/idr0124-esteban-heartmorphogenesis/20211023-ftp/Collection/E7/E7_SegImgs_Paraxial.nii
Dataset:name:Specimens	/uod/idr/filesets/idr0124-esteban-heartmorphogenesis/20211023-ftp/Collection/E7/E7_SegImgs_Endocardial_lumen.nii
Dataset:name:Specimens	/uod/idr/filesets/idr0124-esteban-heartmorphogenesis/20211023-ftp/Collection/E7/E7_SegImgs_Foregut_endoderm.nii
Dataset:name:Specimens	/uod/idr/filesets/idr0124-esteban-heartmorphogenesis/20211023-ftp/Collection/E40/E40_SegImgs_Splanchnic.nii
Dataset:name:Specimens	/uod/idr/filesets/idr0124-esteban-heartmorphogenesis/20211023-ftp/Collection/E40/E40_SegImgs_Somatic.nii
Dataset:name:Specimens	/uod/idr/filesets/idr0124-esteban-heartmorphogenesis/20211023-ftp/Collection/E40/E40_SegImgs_Paraxial.nii
Dataset:name:Specimens	/uod/idr/filesets/idr0124-esteban-heartmorphogenesis/20211023-ftp/Collection/E40/E40_SegImgs_Foregut_endoderm.nii
Dataset:name:Specimens	/uod/idr/filesets/idr0124-esteban-heartmorphogenesis/20211023-ftp/Collection/E40/E40_SegImgs_Myocardium.nii
Dataset:name:Specimens	/uod/idr/filesets/idr0124-esteban-heartmorphogenesis/20211023-ftp/Collection/E40/E40_SegImgs_Aortic_lumen.nii
Dataset:name:Specimens	/uod/idr/filesets/idr0124-esteban-heartmorphogenesis/20211023-ftp/Collection/E40/E40_SegImgs_Endocardial_lumen.nii
Dataset:name:Specimens	/uod/idr/filesets/idr0124-esteban-heartmorphogenesis/20211023-ftp/Collection/E51/E51_SegImgs_Splanchnic.nii
Dataset:name:Specimens	/uod/idr/filesets/idr0124-esteban-heartmorphogenesis/20211023-ftp/Collection/E51/E51_SegImgs_Somatic.nii
Dataset:name:Specimens	/uod/idr/filesets/idr0124-esteban-heartmorphogenesis/20211023-ftp/Collection/E51/E51_SegImgs_Paraxial.nii
Dataset:name:Specimens	/uod/idr/filesets/idr0124-esteban-heartmorphogenesis/20211023-ftp/Collection/E51/E51_SegImgs_Foregut_endoderm.nii
Dataset:name:Specimens	/uod/idr/filesets/idr0124-esteban-heartmorphogenesis/20211023-ftp/Collection/E51/E51_SegImgs_Myocardium.nii
Dataset:name:Specimens	/uod/idr/filesets/idr0124-esteban-heartmorphogenesis/20211023-ftp/Collection/E51/E51_SegImgs_Endocardial_lumen.nii
Dataset:name:Specimens	/uod/idr/filesets/idr0124-esteban-heartmorphogenesis/20211023-ftp/Collection/E10/E10_SegImgs_Splanchnic.nii
Dataset:name:Specimens	/uod/idr/filesets/idr0124-esteban-heartmorphogenesis/20211023-ftp/Collection/E10/E10_SegImgs_Paraxial.nii
Dataset:name:Specimens	/uod/idr/filesets/idr0124-esteban-heartmorphogenesis/20211023-ftp/Collection/E10/E10_SegImgs_Aortic_lumen.nii
Dataset:name:Specimens	/uod/idr/filesets/idr0124-esteban-heartmorphogenesis/20211023-ftp/Collection/E10/E10_SegImgs_Foregut_endoderm.nii
Dataset:name:Specimens	/uod/idr/filesets/idr0124-esteban-heartmorphogenesis/20211023-ftp/Collection/E10/E10_SegImgs_Myocardium.nii
Dataset:name:Specimens	/uod/idr/filesets/idr0124-esteban-heartmorphogenesis/20211023-ftp/Collection/E10/E10_SegImgs_Somatic.nii
Dataset:name:Specimens	/uod/idr/filesets/idr0124-esteban-heartmorphogenesis/20211023-ftp/Collection/E10/E10_SegImgs_Endocardial_lumen.nii
Dataset:name:Specimens	/uod/idr/filesets/idr0124-esteban-heartmorphogenesis/20211023-ftp/Collection/E4/E4_SegImgs_Somatic.nii
Dataset:name:Specimens	/uod/idr/filesets/idr0124-esteban-heartmorphogenesis/20211023-ftp/Collection/E4/E4_SegImgs_Paraxial.nii
Dataset:name:Specimens	/uod/idr/filesets/idr0124-esteban-heartmorphogenesis/20211023-ftp/Collection/E4/E4_SegImgs_Endocardial_lumen.nii
Dataset:name:Specimens	/uod/idr/filesets/idr0124-esteban-heartmorphogenesis/20211023-ftp/Collection/E4/E4_SegImgs_Foregut_endoderm.nii
Dataset:name:Specimens	/uod/idr/filesets/idr0124-esteban-heartmorphogenesis/20211023-ftp/Collection/E4/E4_SegImgs_Myocardium.nii
Dataset:name:Specimens	/uod/idr/filesets/idr0124-esteban-heartmorphogenesis/20211023-ftp/Collection/E4/E4_SegImgs_Splanchnic.nii
Dataset:name:Specimens	/uod/idr/filesets/idr0124-esteban-heartmorphogenesis/20211023-ftp/Collection/E4/E4_SegImgs_Aortic_lumen.nii
Dataset:name:Specimens	/uod/idr/filesets/idr0124-esteban-heartmorphogenesis/20211023-ftp/Collection/E42/E42_SegImgs_Myocardium.nii
Dataset:name:Specimens	/uod/idr/filesets/idr0124-esteban-heartmorphogenesis/20211023-ftp/Collection/E42/E42_SegImgs_Splanchnic.nii
Dataset:name:Specimens	/uod/idr/filesets/idr0124-esteban-heartmorphogenesis/20211023-ftp/Collection/E42/E42_SegImgs_Somatic.nii
Dataset:name:Specimens	/uod/idr/filesets/idr0124-esteban-heartmorphogenesis/20211023-ftp/Collection/E42/E42_SegImgs_Paraxial.nii
Dataset:name:Specimens	/uod/idr/filesets/idr0124-esteban-heartmorphogenesis/20211023-ftp/Collection/E42/E42_SegImgs_Aortic_lumen.nii
Dataset:name:Specimens	/uod/idr/filesets/idr0124-esteban-heartmorphogenesis/20211023-ftp/Collection/E42/E42_SegImgs_Endocardial_lumen.nii
Dataset:name:Specimens	/uod/idr/filesets/idr0124-esteban-heartmorphogenesis/20211023-ftp/Collection/E42/E42_SegImgs_Foregut_endoderm.nii
Dataset:name:Specimens	/uod/idr/filesets/idr0124-esteban-heartmorphogenesis/20211023-ftp/Collection/E28/E28_SegImgs_Aortic_lumen.nii
Dataset:name:Specimens	/uod/idr/filesets/idr0124-esteban-heartmorphogenesis/20211023-ftp/Collection/E28/E28_SegImgs_Foregut_endoderm.nii
Dataset:name:Specimens	/uod/idr/filesets/idr0124-esteban-heartmorphogenesis/20211023-ftp/Collection/E28/E28_SegImgs_Myocardium.nii
Dataset:name:Specimens	/uod/idr/filesets/idr0124-esteban-heartmorphogenesis/20211023-ftp/Collection/E28/E28_SegImgs_Splanchnic.nii
Dataset:name:Specimens	/uod/idr/filesets/idr0124-esteban-heartmorphogenesis/20211023-ftp/Collection/E28/E28_SegImgs_Somatic.nii
Dataset:name:Specimens	/uod/idr/filesets/idr0124-esteban-heartmorphogenesis/20211023-ftp/Collection/E28/E28_SegImgs_Paraxial.nii
Dataset:name:Specimens	/uod/idr/filesets/idr0124-esteban-heartmorphogenesis/20211023-ftp/Collection/E28/E28_SegImgs_Endocardial_lumen.nii
Dataset:name:Specimens	/uod/idr/filesets/idr0124-esteban-heartmorphogenesis/20211023-ftp/Collection/E31/E31_SegImgs_Somatic.nii
Dataset:name:Specimens	/uod/idr/filesets/idr0124-esteban-heartmorphogenesis/20211023-ftp/Collection/E31/E31_SegImgs_Aortic_lumen.nii
Dataset:name:Specimens	/uod/idr/filesets/idr0124-esteban-heartmorphogenesis/20211023-ftp/Collection/E31/E31_SegImgs_Foregut_endoderm.nii
Dataset:name:Specimens	/uod/idr/filesets/idr0124-esteban-heartmorphogenesis/20211023-ftp/Collection/E31/E31_SegImgs_Myocardium.nii
Dataset:name:Specimens	/uod/idr/filesets/idr0124-esteban-heartmorphogenesis/20211023-ftp/Collection/E31/E31_SegImgs_Splanchnic.nii
Dataset:name:Specimens	/uod/idr/filesets/idr0124-esteban-heartmorphogenesis/20211023-ftp/Collection/E31/E31_SegImgs_Endocardial_lumen.nii
Dataset:name:Specimens	/uod/idr/filesets/idr0124-esteban-heartmorphogenesis/20211023-ftp/Collection/E17/E17_SegImgs_Splanchnic.nii
Dataset:name:Specimens	/uod/idr/filesets/idr0124-esteban-heartmorphogenesis/20211023-ftp/Collection/E17/E17_SegImgs_Somatic.nii
Dataset:name:Specimens	/uod/idr/filesets/idr0124-esteban-heartmorphogenesis/20211023-ftp/Collection/E17/E17_SegImgs_Paraxial.nii
Dataset:name:Specimens	/uod/idr/filesets/idr0124-esteban-heartmorphogenesis/20211023-ftp/Collection/E17/E17_SegImgs_Aortic_lumen.nii
Dataset:name:Specimens	/uod/idr/filesets/idr0124-esteban-heartmorphogenesis/20211023-ftp/Collection/E17/E17_SegImgs_Foregut_endoderm.nii
Dataset:name:Specimens	/uod/idr/filesets/idr0124-esteban-heartmorphogenesis/20211023-ftp/Collection/E17/E17_SegImgs_Myocardium.nii
Dataset:name:Specimens	/uod/idr/filesets/idr0124-esteban-heartmorphogenesis/20211023-ftp/Collection/E17/E17_SegImgs_Endocardial_lumen.nii
Dataset:name:Specimens	/uod/idr/filesets/idr0124-esteban-heartmorphogenesis/20211023-ftp/Collection/E18/E18_SegImgs_Splanchnic.nii
Dataset:name:Specimens	/uod/idr/filesets/idr0124-esteban-heartmorphogenesis/20211023-ftp/Collection/E18/E18_SegImgs_Somatic.nii
Dataset:name:Specimens	/uod/idr/filesets/idr0124-esteban-heartmorphogenesis/20211023-ftp/Collection/E18/E18_SegImgs_Paraxial.nii
Dataset:name:Specimens	/uod/idr/filesets/idr0124-esteban-heartmorphogenesis/20211023-ftp/Collection/E18/E18_SegImgs_Aortic_lumen.nii
Dataset:name:Specimens	/uod/idr/filesets/idr0124-esteban-heartmorphogenesis/20211023-ftp/Collection/E18/E18_SegImgs_Foregut_endoderm.nii
Dataset:name:Specimens	/uod/idr/filesets/idr0124-esteban-heartmorphogenesis/20211023-ftp/Collection/E18/E18_SegImgs_Myocardium.nii
Dataset:name:Specimens	/uod/idr/filesets/idr0124-esteban-heartmorphogenesis/20211023-ftp/Collection/E18/E18_SegImgs_Endocardial_lumen.nii
Dataset:name:Specimens	/uod/idr/filesets/idr0124-esteban-heartmorphogenesis/20211023-ftp/Collection/E3/E3_SegImgs_Myocardium.nii
Dataset:name:Specimens	/uod/idr/filesets/idr0124-esteban-heartmorphogenesis/20211023-ftp/Collection/E3/E3_SegImgs_Splanchnic.nii
Dataset:name:Specimens	/uod/idr/filesets/idr0124-esteban-heartmorphogenesis/20211023-ftp/Collection/E3/E3_SegImgs_Somatic.nii
Dataset:name:Specimens	/uod/idr/filesets/idr0124-esteban-heartmorphogenesis/20211023-ftp/Collection/E3/E3_SegImgs_Paraxial.nii
Dataset:name:Specimens	/uod/idr/filesets/idr0124-esteban-heartmorphogenesis/20211023-ftp/Collection/E3/E3_SegImgs_Foregut_endoderm.nii
Dataset:name:Specimens	/uod/idr/filesets/idr0124-esteban-heartmorphogenesis/20211023-ftp/Collection/E38/E38_SegImgs_Myocardium.nii
Dataset:name:Specimens	/uod/idr/filesets/idr0124-esteban-heartmorphogenesis/20211023-ftp/Collection/E38/E38_SegImgs_Splanchnic.nii
Dataset:name:Specimens	/uod/idr/filesets/idr0124-esteban-heartmorphogenesis/20211023-ftp/Collection/E38/E38_SegImgs_Somatic.nii
Dataset:name:Specimens	/uod/idr/filesets/idr0124-esteban-heartmorphogenesis/20211023-ftp/Collection/E38/E38_SegImgs_Paraxial.nii
Dataset:name:Specimens	/uod/idr/filesets/idr0124-esteban-heartmorphogenesis/20211023-ftp/Collection/E38/E38_SegImgs_Aortic_lumen.nii
Dataset:name:Specimens	/uod/idr/filesets/idr0124-esteban-heartmorphogenesis/20211023-ftp/Collection/E38/E38_SegImgs_Endocardial_lumen.nii
Dataset:name:Specimens	/uod/idr/filesets/idr0124-esteban-heartmorphogenesis/20211023-ftp/Collection/E38/E38_SegImgs_Foregut_endoderm.nii
Dataset:name:Specimens	/uod/idr/filesets/idr0124-esteban-heartmorphogenesis/20211023-ftp/Collection/E49/E49_SegImgs_Splanchnic.nii
Dataset:name:Specimens	/uod/idr/filesets/idr0124-esteban-heartmorphogenesis/20211023-ftp/Collection/E49/E49_SegImgs_Somatic.nii
Dataset:name:Specimens	/uod/idr/filesets/idr0124-esteban-heartmorphogenesis/20211023-ftp/Collection/E49/E49_SegImgs_Aortic_lumen.nii
Dataset:name:Specimens	/uod/idr/filesets/idr0124-esteban-heartmorphogenesis/20211023-ftp/Collection/E49/E49_SegImgs_Foregut_endoderm.nii
Dataset:name:Specimens	/uod/idr/filesets/idr0124-esteban-heartmorphogenesis/20211023-ftp/Collection/E49/E49_SegImgs_Myocardium.nii
Dataset:name:Specimens	/uod/idr/filesets/idr0124-esteban-heartmorphogenesis/20211023-ftp/Collection/E49/E49_SegImgs_Paraxial.nii
Dataset:name:Specimens	/uod/idr/filesets/idr0124-esteban-heartmorphogenesis/20211023-ftp/Collection/E49/E49_SegImgs_Endocardial_lumen.nii
Dataset:name:Specimens	/uod/idr/filesets/idr0124-esteban-heartmorphogenesis/20211023-ftp/Collection/E39/E39_SegImgs_Myocardium.nii
Dataset:name:Specimens	/uod/idr/filesets/idr0124-esteban-heartmorphogenesis/20211023-ftp/Collection/E39/E39_SegImgs_Splanchnic.nii
Dataset:name:Specimens	/uod/idr/filesets/idr0124-esteban-heartmorphogenesis/20211023-ftp/Collection/E39/E39_SegImgs_Somatic.nii
Dataset:name:Specimens	/uod/idr/filesets/idr0124-esteban-heartmorphogenesis/20211023-ftp/Collection/E39/E39_SegImgs_Paraxial.nii
Dataset:name:Specimens	/uod/idr/filesets/idr0124-esteban-heartmorphogenesis/20211023-ftp/Collection/E39/E39_SegImgs_Aortic_lumen.nii
Dataset:name:Specimens	/uod/idr/filesets/idr0124-esteban-heartmorphogenesis/20211023-ftp/Collection/E39/E39_SegImgs_Endocardial_lumen.nii
Dataset:name:Specimens	/uod/idr/filesets/idr0124-esteban-heartmorphogenesis/20211023-ftp/Collection/E39/E39_SegImgs_Foregut_endoderm.nii
Dataset:name:Specimens	/uod/idr/filesets/idr0124-esteban-heartmorphogenesis/20211023-ftp/Collection/E45/E45_SegImgs_Myocardium.nii
Dataset:name:Specimens	/uod/idr/filesets/idr0124-esteban-heartmorphogenesis/20211023-ftp/Collection/E45/E45_SegImgs_Splanchnic.nii
Dataset:name:Specimens	/uod/idr/filesets/idr0124-esteban-heartmorphogenesis/20211023-ftp/Collection/E45/E45_SegImgs_Somatic.nii
Dataset:name:Specimens	/uod/idr/filesets/idr0124-esteban-heartmorphogenesis/20211023-ftp/Collection/E45/E45_SegImgs_Paraxial.nii
Dataset:name:Specimens	/uod/idr/filesets/idr0124-esteban-heartmorphogenesis/20211023-ftp/Collection/E45/E45_SegImgs_Aortic_lumen.nii
Dataset:name:Specimens	/uod/idr/filesets/idr0124-esteban-heartmorphogenesis/20211023-ftp/Collection/E45/E45_SegImgs_Endocardial_lumen.nii
Dataset:name:Specimens	/uod/idr/filesets/idr0124-esteban-heartmorphogenesis/20211023-ftp/Collection/E45/E45_SegImgs_Foregut_endoderm.nii
Dataset:name:Specimens	/uod/idr/filesets/idr0124-esteban-heartmorphogenesis/20211023-ftp/Collection/E48/E48_SegImgs_Myocardium.nii
Dataset:name:Specimens	/uod/idr/filesets/idr0124-esteban-heartmorphogenesis/20211023-ftp/Collection/E48/E48_SegImgs_Splanchnic.nii
Dataset:name:Specimens	/uod/idr/filesets/idr0124-esteban-heartmorphogenesis/20211023-ftp/Collection/E48/E48_SegImgs_Somatic.nii
Dataset:name:Specimens	/uod/idr/filesets/idr0124-esteban-heartmorphogenesis/20211023-ftp/Collection/E48/E48_SegImgs_Paraxial.nii
Dataset:name:Specimens	/uod/idr/filesets/idr0124-esteban-heartmorphogenesis/20211023-ftp/Collection/E48/E48_SegImgs_Aortic_lumen.nii
Dataset:name:Specimens	/uod/idr/filesets/idr0124-esteban-heartmorphogenesis/20211023-ftp/Collection/E48/E48_SegImgs_Endocardial_lumen.nii
Dataset:name:Specimens	/uod/idr/filesets/idr0124-esteban-heartmorphogenesis/20211023-ftp/Collection/E48/E48_SegImgs_Foregut_endoderm.nii
Dataset:name:Specimens	/uod/idr/filesets/idr0124-esteban-heartmorphogenesis/20211023-ftp/Collection/E41/E41_SegImgs_Myocardium.nii
Dataset:name:Specimens	/uod/idr/filesets/idr0124-esteban-heartmorphogenesis/20211023-ftp/Collection/E41/E41_SegImgs_Splanchnic.nii
Dataset:name:Specimens	/uod/idr/filesets/idr0124-esteban-heartmorphogenesis/20211023-ftp/Collection/E41/E41_SegImgs_Somatic.nii
Dataset:name:Specimens	/uod/idr/filesets/idr0124-esteban-heartmorphogenesis/20211023-ftp/Collection/E41/E41_SegImgs_Aortic_lumen.nii
Dataset:name:Specimens	/uod/idr/filesets/idr0124-esteban-heartmorphogenesis/20211023-ftp/Collection/E41/E41_SegImgs_Endocardial_lumen.nii
Dataset:name:Specimens	/uod/idr/filesets/idr0124-esteban-heartmorphogenesis/20211023-ftp/Collection/E41/E41_SegImgs_Foregut_endoderm.nii
Dataset:name:Specimens	/uod/idr/filesets/idr0124-esteban-heartmorphogenesis/20211023-ftp/Collection/E2/E2_SegImgs_Aortic_lumen.nii
Dataset:name:Specimens	/uod/idr/filesets/idr0124-esteban-heartmorphogenesis/20211023-ftp/Collection/E2/E2_SegImgs_Myocardium.nii
Dataset:name:Specimens	/uod/idr/filesets/idr0124-esteban-heartmorphogenesis/20211023-ftp/Collection/E2/E2_SegImgs_Splanchnic.nii
Dataset:name:Specimens	/uod/idr/filesets/idr0124-esteban-heartmorphogenesis/20211023-ftp/Collection/E2/E2_SegImgs_Somatic.nii
Dataset:name:Specimens	/uod/idr/filesets/idr0124-esteban-heartmorphogenesis/20211023-ftp/Collection/E2/E2_SegImgs_Paraxial.nii
Dataset:name:Specimens	/uod/idr/filesets/idr0124-esteban-heartmorphogenesis/20211023-ftp/Collection/E2/E2_SegImgs_Foregut_endoderm.nii
Dataset:name:Specimens	/uod/idr/filesets/idr0124-esteban-heartmorphogenesis/20211023-ftp/Collection/E6/E6_SegImgs_Myocardium.nii
Dataset:name:Specimens	/uod/idr/filesets/idr0124-esteban-heartmorphogenesis/20211023-ftp/Collection/E6/E6_SegImgs_Splanchnic.nii
Dataset:name:Specimens	/uod/idr/filesets/idr0124-esteban-heartmorphogenesis/20211023-ftp/Collection/E6/E6_SegImgs_Somatic.nii
Dataset:name:Specimens	/uod/idr/filesets/idr0124-esteban-heartmorphogenesis/20211023-ftp/Collection/E6/E6_SegImgs_Paraxial.nii
Dataset:name:Specimens	/uod/idr/filesets/idr0124-esteban-heartmorphogenesis/20211023-ftp/Collection/E6/E6_SegImgs_Aortic_lumen.nii
Dataset:name:Specimens	/uod/idr/filesets/idr0124-esteban-heartmorphogenesis/20211023-ftp/Collection/E6/E6_SegImgs_Endocardial_lumen.nii
Dataset:name:Specimens	/uod/idr/filesets/idr0124-esteban-heartmorphogenesis/20211023-ftp/Collection/E6/E6_SegImgs_Foregut_endoderm.nii
Dataset:name:Specimens	/uod/idr/filesets/idr0124-esteban-heartmorphogenesis/20211023-ftp/Collection/E23/E23_SegImgs_Myocardium.nii
Dataset:name:Specimens	/uod/idr/filesets/idr0124-esteban-heartmorphogenesis/20211023-ftp/Collection/E23/E23_SegImgs_Splanchnic.nii
Dataset:name:Specimens	/uod/idr/filesets/idr0124-esteban-heartmorphogenesis/20211023-ftp/Collection/E23/E23_SegImgs_Somatic.nii
Dataset:name:Specimens	/uod/idr/filesets/idr0124-esteban-heartmorphogenesis/20211023-ftp/Collection/E23/E23_SegImgs_Paraxial.nii
Dataset:name:Specimens	/uod/idr/filesets/idr0124-esteban-heartmorphogenesis/20211023-ftp/Collection/E23/E23_SegImgs_Aortic_lumen.nii
Dataset:name:Specimens	/uod/idr/filesets/idr0124-esteban-heartmorphogenesis/20211023-ftp/Collection/E23/E23_SegImgs_Endocardial_lumen.nii
Dataset:name:Specimens	/uod/idr/filesets/idr0124-esteban-heartmorphogenesis/20211023-ftp/Collection/E23/E23_SegImgs_Foregut_endoderm.nii
Dataset:name:Specimens	/uod/idr/filesets/idr0124-esteban-heartmorphogenesis/20211023-ftp/Collection/E8/E8_SegImgs_Somatic.nii
Dataset:name:Specimens	/uod/idr/filesets/idr0124-esteban-heartmorphogenesis/20211023-ftp/Collection/E8/E8_SegImgs_Paraxial.nii
Dataset:name:Specimens	/uod/idr/filesets/idr0124-esteban-heartmorphogenesis/20211023-ftp/Collection/E8/E8_SegImgs_Aortic_lumen.nii
Dataset:name:Specimens	/uod/idr/filesets/idr0124-esteban-heartmorphogenesis/20211023-ftp/Collection/E8/E8_SegImgs_Endocardial_lumen.nii
Dataset:name:Specimens	/uod/idr/filesets/idr0124-esteban-heartmorphogenesis/20211023-ftp/Collection/E8/E8_SegImgs_Foregut_endoderm.nii
Dataset:name:Specimens	/uod/idr/filesets/idr0124-esteban-heartmorphogenesis/20211023-ftp/Collection/E8/E8_SegImgs_Myocardium.nii
Dataset:name:Specimens	/uod/idr/filesets/idr0124-esteban-heartmorphogenesis/20211023-ftp/Collection/E8/E8_SegImgs_Splanchnic.nii
Dataset:name:Specimens	/uod/idr/filesets/idr0124-esteban-heartmorphogenesis/20211023-ftp/Collection/E30/E30_SegImgs_Splanchnic.nii
Dataset:name:Specimens	/uod/idr/filesets/idr0124-esteban-heartmorphogenesis/20211023-ftp/Collection/E30/E30_SegImgs_Somatic.nii
Dataset:name:Specimens	/uod/idr/filesets/idr0124-esteban-heartmorphogenesis/20211023-ftp/Collection/E30/E30_SegImgs_Myocardium.nii
Dataset:name:Specimens	/uod/idr/filesets/idr0124-esteban-heartmorphogenesis/20211023-ftp/Collection/E30/E30_SegImgs_Paraxial.nii
Dataset:name:Specimens	/uod/idr/filesets/idr0124-esteban-heartmorphogenesis/20211023-ftp/Collection/E30/E30_SegImgs_Aortic_lumen.nii
Dataset:name:Specimens	/uod/idr/filesets/idr0124-esteban-heartmorphogenesis/20211023-ftp/Collection/E30/E30_SegImgs_Endocardial_lumen.nii
Dataset:name:Specimens	/uod/idr/filesets/idr0124-esteban-heartmorphogenesis/20211023-ftp/Collection/E30/E30_SegImgs_Foregut_endoderm.nii
Dataset:name:Specimens	/uod/idr/filesets/idr0124-esteban-heartmorphogenesis/20211023-ftp/Collection/E20/E20_SegImgs_Splanchnic.nii
Dataset:name:Specimens	/uod/idr/filesets/idr0124-esteban-heartmorphogenesis/20211023-ftp/Collection/E20/E20_SegImgs_Somatic.nii
Dataset:name:Specimens	/uod/idr/filesets/idr0124-esteban-heartmorphogenesis/20211023-ftp/Collection/E20/E20_SegImgs_Paraxial.nii
Dataset:name:Specimens	/uod/idr/filesets/idr0124-esteban-heartmorphogenesis/20211023-ftp/Collection/E20/E20_SegImgs_Myocardium.nii
Dataset:name:Specimens	/uod/idr/filesets/idr0124-esteban-heartmorphogenesis/20211023-ftp/Collection/E20/E20_SegImgs_Aortic_lumen.nii
Dataset:name:Specimens	/uod/idr/filesets/idr0124-esteban-heartmorphogenesis/20211023-ftp/Collection/E20/E20_SegImgs_Endocardial_lumen.nii
Dataset:name:Specimens	/uod/idr/filesets/idr0124-esteban-heartmorphogenesis/20211023-ftp/Collection/E20/E20_SegImgs_Foregut_endoderm.nii
Dataset:name:Specimens	/uod/idr/filesets/idr0124-esteban-heartmorphogenesis/20211023-ftp/Collection/E50/E50_SegImgs_Splanchnic.nii
Dataset:name:Specimens	/uod/idr/filesets/idr0124-esteban-heartmorphogenesis/20211023-ftp/Collection/E50/E50_SegImgs_Somatic.nii
Dataset:name:Specimens	/uod/idr/filesets/idr0124-esteban-heartmorphogenesis/20211023-ftp/Collection/E50/E50_SegImgs_Foregut_endoderm.nii
Dataset:name:Specimens	/uod/idr/filesets/idr0124-esteban-heartmorphogenesis/20211023-ftp/Collection/E50/E50_SegImgs_Myocardium.nii
Dataset:name:Specimens	/uod/idr/filesets/idr0124-esteban-heartmorphogenesis/20211023-ftp/Collection/E50/E50_SegImgs_Paraxial.nii
Dataset:name:Specimens	/uod/idr/filesets/idr0124-esteban-heartmorphogenesis/20211023-ftp/Collection/E50/E50_SegImgs_Aortic_lumen.nii
Dataset:name:Specimens	/uod/idr/filesets/idr0124-esteban-heartmorphogenesis/20211023-ftp/Collection/E50/E50_SegImgs_Endocardial_lumen.nii
Dataset:name:Specimens	/uod/idr/filesets/idr0124-esteban-heartmorphogenesis/20211023-ftp/Collection/E12/E12_SegImgs_Splanchnic.nii
Dataset:name:Specimens	/uod/idr/filesets/idr0124-esteban-heartmorphogenesis/20211023-ftp/Collection/E12/E12_SegImgs_Somatic.nii
Dataset:name:Specimens	/uod/idr/filesets/idr0124-esteban-heartmorphogenesis/20211023-ftp/Collection/E12/E12_SegImgs_Paraxial.nii
Dataset:name:Specimens	/uod/idr/filesets/idr0124-esteban-heartmorphogenesis/20211023-ftp/Collection/E12/E12_SegImgs_Aortic_lumen.nii
Dataset:name:Specimens	/uod/idr/filesets/idr0124-esteban-heartmorphogenesis/20211023-ftp/Collection/E12/E12_SegImgs_Foregut_endoderm.nii
Dataset:name:Specimens	/uod/idr/filesets/idr0124-esteban-heartmorphogenesis/20211023-ftp/Collection/E12/E12_SegImgs_Myocardium.nii
Dataset:name:Specimens	/uod/idr/filesets/idr0124-esteban-heartmorphogenesis/20211023-ftp/Collection/E12/E12_SegImgs_Endocardial_lumen.nii
Dataset:name:Specimens	/uod/idr/filesets/idr0124-esteban-heartmorphogenesis/20211023-ftp/Collection/E26/E26_SegImgs_Somatic.nii
Dataset:name:Specimens	/uod/idr/filesets/idr0124-esteban-heartmorphogenesis/20211023-ftp/Collection/E26/E26_SegImgs_Paraxial.nii
Dataset:name:Specimens	/uod/idr/filesets/idr0124-esteban-heartmorphogenesis/20211023-ftp/Collection/E26/E26_SegImgs_Aortic_lumen.nii
Dataset:name:Specimens	/uod/idr/filesets/idr0124-esteban-heartmorphogenesis/20211023-ftp/Collection/E26/E26_SegImgs_Foregut_endoderm.nii
Dataset:name:Specimens	/uod/idr/filesets/idr0124-esteban-heartmorphogenesis/20211023-ftp/Collection/E26/E26_SegImgs_Myocardium.nii
Dataset:name:Specimens	/uod/idr/filesets/idr0124-esteban-heartmorphogenesis/20211023-ftp/Collection/E26/E26_SegImgs_Splanchnic.nii
Dataset:name:Specimens	/uod/idr/filesets/idr0124-esteban-heartmorphogenesis/20211023-ftp/Collection/E26/E26_SegImgs_Endocardial_lumen.nii
Dataset:name:Specimens	/uod/idr/filesets/idr0124-esteban-heartmorphogenesis/20211023-ftp/Collection/E43/E43_SegImgs_Splanchnic.nii
Dataset:name:Specimens	/uod/idr/filesets/idr0124-esteban-heartmorphogenesis/20211023-ftp/Collection/E43/E43_SegImgs_Somatic.nii
Dataset:name:Specimens	/uod/idr/filesets/idr0124-esteban-heartmorphogenesis/20211023-ftp/Collection/E43/E43_SegImgs_Paraxial.nii
Dataset:name:Specimens	/uod/idr/filesets/idr0124-esteban-heartmorphogenesis/20211023-ftp/Collection/E43/E43_SegImgs_Aortic_lumen.nii
Dataset:name:Specimens	/uod/idr/filesets/idr0124-esteban-heartmorphogenesis/20211023-ftp/Collection/E43/E43_SegImgs_Foregut_endoderm.nii
Dataset:name:Specimens	/uod/idr/filesets/idr0124-esteban-heartmorphogenesis/20211023-ftp/Collection/E43/E43_SegImgs_Myocardium.nii
Dataset:name:Specimens	/uod/idr/filesets/idr0124-esteban-heartmorphogenesis/20211023-ftp/Collection/E43/E43_SegImgs_Endocardial_lumen.nii
Dataset:name:Specimens	/uod/idr/filesets/idr0124-esteban-heartmorphogenesis/20211023-ftp/Collection/E16/E16_SegImgs_Somatic.nii
Dataset:name:Specimens	/uod/idr/filesets/idr0124-esteban-heartmorphogenesis/20211023-ftp/Collection/E16/E16_SegImgs_Paraxial.nii
Dataset:name:Specimens	/uod/idr/filesets/idr0124-esteban-heartmorphogenesis/20211023-ftp/Collection/E16/E16_SegImgs_Aortic_lumen.nii
Dataset:name:Specimens	/uod/idr/filesets/idr0124-esteban-heartmorphogenesis/20211023-ftp/Collection/E16/E16_SegImgs_Foregut_endoderm.nii
Dataset:name:Specimens	/uod/idr/filesets/idr0124-esteban-heartmorphogenesis/20211023-ftp/Collection/E16/E16_SegImgs_Myocardium.nii
Dataset:name:Specimens	/uod/idr/filesets/idr0124-esteban-heartmorphogenesis/20211023-ftp/Collection/E16/E16_SegImgs_Splanchnic.nii
Dataset:name:Specimens	/uod/idr/filesets/idr0124-esteban-heartmorphogenesis/20211023-ftp/Collection/E16/E16_SegImgs_Endocardial_lumen.nii
Dataset:name:Specimens	/uod/idr/filesets/idr0124-esteban-heartmorphogenesis/20211023-ftp/Collection/E19/E19_SegImgs_Splanchnic.nii
Dataset:name:Specimens	/uod/idr/filesets/idr0124-esteban-heartmorphogenesis/20211023-ftp/Collection/E19/E19_SegImgs_Somatic.nii
Dataset:name:Specimens	/uod/idr/filesets/idr0124-esteban-heartmorphogenesis/20211023-ftp/Collection/E19/E19_SegImgs_Paraxial.nii
Dataset:name:Specimens	/uod/idr/filesets/idr0124-esteban-heartmorphogenesis/20211023-ftp/Collection/E19/E19_SegImgs_Aortic_lumen.nii
Dataset:name:Specimens	/uod/idr/filesets/idr0124-esteban-heartmorphogenesis/20211023-ftp/Collection/E19/E19_SegImgs_Foregut_endoderm.nii
Dataset:name:Specimens	/uod/idr/filesets/idr0124-esteban-heartmorphogenesis/20211023-ftp/Collection/E19/E19_SegImgs_Myocardium.nii
Dataset:name:Specimens	/uod/idr/filesets/idr0124-esteban-heartmorphogenesis/20211023-ftp/Collection/E19/E19_SegImgs_Endocardial_lumen.nii
Dataset:name:Specimens	/uod/idr/filesets/idr0124-esteban-heartmorphogenesis/20211023-ftp/Collection/E21/E21_SegImgs_Splanchnic.nii
Dataset:name:Specimens	/uod/idr/filesets/idr0124-esteban-heartmorphogenesis/20211023-ftp/Collection/E21/E21_SegImgs_Aortic_lumen.nii
Dataset:name:Specimens	/uod/idr/filesets/idr0124-esteban-heartmorphogenesis/20211023-ftp/Collection/E21/E21_SegImgs_Myocardium.nii
Dataset:name:Specimens	/uod/idr/filesets/idr0124-esteban-heartmorphogenesis/20211023-ftp/Collection/E21/E21_SegImgs_Endocardial_lumen.nii
Dataset:name:Specimens	/uod/idr/filesets/idr0124-esteban-heartmorphogenesis/20211023-ftp/Collection/E21/E21_SegImgs_Foregut_endoderm.nii
Dataset:name:Specimens	/uod/idr/filesets/idr0124-esteban-heartmorphogenesis/20211023-ftp/Collection/E32/E32_SegImgs_Splanchnic.nii
Dataset:name:Specimens	/uod/idr/filesets/idr0124-esteban-heartmorphogenesis/20211023-ftp/Collection/E32/E32_SegImgs_Paraxial.nii
Dataset:name:Specimens	/uod/idr/filesets/idr0124-esteban-heartmorphogenesis/20211023-ftp/Collection/E32/E32_SegImgs_Aortic_lumen.nii
Dataset:name:Specimens	/uod/idr/filesets/idr0124-esteban-heartmorphogenesis/20211023-ftp/Collection/E32/E32_SegImgs_Myocardium.nii
Dataset:name:Specimens	/uod/idr/filesets/idr0124-esteban-heartmorphogenesis/20211023-ftp/Collection/E32/E32_SegImgs_Somatic.nii
Dataset:name:Specimens	/uod/idr/filesets/idr0124-esteban-heartmorphogenesis/20211023-ftp/Collection/E32/E32_SegImgs_Endocardial_lumen.nii
Dataset:name:Specimens	/uod/idr/filesets/idr0124-esteban-heartmorphogenesis/20211023-ftp/Collection/E32/E32_SegImgs_Foregut_endoderm.nii
Dataset:name:Specimens	/uod/idr/filesets/idr0124-esteban-heartmorphogenesis/20211023-ftp/Collection/E47/E47_SegImgs_Splanchnic.nii
Dataset:name:Specimens	/uod/idr/filesets/idr0124-esteban-heartmorphogenesis/20211023-ftp/Collection/E47/E47_SegImgs_Somatic.nii
Dataset:name:Specimens	/uod/idr/filesets/idr0124-esteban-heartmorphogenesis/20211023-ftp/Collection/E47/E47_SegImgs_Paraxial.nii
Dataset:name:Specimens	/uod/idr/filesets/idr0124-esteban-heartmorphogenesis/20211023-ftp/Collection/E47/E47_SegImgs_Aortic_lumen.nii
Dataset:name:Specimens	/uod/idr/filesets/idr0124-esteban-heartmorphogenesis/20211023-ftp/Collection/E47/E47_SegImgs_Myocardium.nii
Dataset:name:Specimens	/uod/idr/filesets/idr0124-esteban-heartmorphogenesis/20211023-ftp/Collection/E47/E47_SegImgs_Endocardial_lumen.nii
Dataset:name:Specimens	/uod/idr/filesets/idr0124-esteban-heartmorphogenesis/20211023-ftp/Collection/E47/E47_SegImgs_Foregut_endoderm.nii
Dataset:name:Specimens	/uod/idr/filesets/idr0124-esteban-heartmorphogenesis/20211023-ftp/Collection/E24/E24_SegImgs_Splanchnic.nii
Dataset:name:Specimens	/uod/idr/filesets/idr0124-esteban-heartmorphogenesis/20211023-ftp/Collection/E24/E24_SegImgs_Somatic.nii
Dataset:name:Specimens	/uod/idr/filesets/idr0124-esteban-heartmorphogenesis/20211023-ftp/Collection/E24/E24_SegImgs_Foregut_endoderm.nii
Dataset:name:Specimens	/uod/idr/filesets/idr0124-esteban-heartmorphogenesis/20211023-ftp/Collection/E24/E24_SegImgs_Myocardium.nii
Dataset:name:Specimens	/uod/idr/filesets/idr0124-esteban-heartmorphogenesis/20211023-ftp/Collection/E24/E24_SegImgs_Paraxial.nii
Dataset:name:Specimens	/uod/idr/filesets/idr0124-esteban-heartmorphogenesis/20211023-ftp/Collection/E24/E24_SegImgs_Aortic_lumen.nii
Dataset:name:Specimens	/uod/idr/filesets/idr0124-esteban-heartmorphogenesis/20211023-ftp/Collection/E24/E24_SegImgs_Endocardial_lumen.nii
Dataset:name:Specimens	/uod/idr/filesets/idr0124-esteban-heartmorphogenesis/20211023-ftp/Collection/E13/E13_SegImgs_Myocardium.nii
Dataset:name:Specimens	/uod/idr/filesets/idr0124-esteban-heartmorphogenesis/20211023-ftp/Collection/E13/E13_SegImgs_Splanchnic.nii
Dataset:name:Specimens	/uod/idr/filesets/idr0124-esteban-heartmorphogenesis/20211023-ftp/Collection/E13/E13_SegImgs_Somatic.nii
Dataset:name:Specimens	/uod/idr/filesets/idr0124-esteban-heartmorphogenesis/20211023-ftp/Collection/E13/E13_SegImgs_Paraxial.nii
Dataset:name:Specimens	/uod/idr/filesets/idr0124-esteban-heartmorphogenesis/20211023-ftp/Collection/E13/E13_SegImgs_Aortic_lumen.nii
Dataset:name:Specimens	/uod/idr/filesets/idr0124-esteban-heartmorphogenesis/20211023-ftp/Collection/E13/E13_SegImgs_Endocardial_lumen.nii
Dataset:name:Specimens	/uod/idr/filesets/idr0124-esteban-heartmorphogenesis/20211023-ftp/Collection/E13/E13_SegImgs_Foregut_endoderm.nii
Dataset:name:Specimens	/uod/idr/filesets/idr0124-esteban-heartmorphogenesis/20211023-ftp/Collection/E5/E5_SegImgs_Myocardium.nii
Dataset:name:Specimens	/uod/idr/filesets/idr0124-esteban-heartmorphogenesis/20211023-ftp/Collection/E5/E5_SegImgs_Splanchnic.nii
Dataset:name:Specimens	/uod/idr/filesets/idr0124-esteban-heartmorphogenesis/20211023-ftp/Collection/E5/E5_SegImgs_Somatic.nii
Dataset:name:Specimens	/uod/idr/filesets/idr0124-esteban-heartmorphogenesis/20211023-ftp/Collection/E5/E5_SegImgs_Paraxial.nii
Dataset:name:Specimens	/uod/idr/filesets/idr0124-esteban-heartmorphogenesis/20211023-ftp/Collection/E5/E5_SegImgs_Aortic_lumen.nii
Dataset:name:Specimens	/uod/idr/filesets/idr0124-esteban-heartmorphogenesis/20211023-ftp/Collection/E5/E5_SegImgs_Endocardial_lumen.nii
Dataset:name:Specimens	/uod/idr/filesets/idr0124-esteban-heartmorphogenesis/20211023-ftp/Collection/E5/E5_SegImgs_Foregut_endoderm.nii
Dataset:name:Specimens	/uod/idr/filesets/idr0124-esteban-heartmorphogenesis/20211023-ftp/Collection/E11/E11_SegImgs_Myocardium.nii
Dataset:name:Specimens	/uod/idr/filesets/idr0124-esteban-heartmorphogenesis/20211023-ftp/Collection/E11/E11_SegImgs_Splanchnic.nii
Dataset:name:Specimens	/uod/idr/filesets/idr0124-esteban-heartmorphogenesis/20211023-ftp/Collection/E11/E11_SegImgs_Somatic.nii
Dataset:name:Specimens	/uod/idr/filesets/idr0124-esteban-heartmorphogenesis/20211023-ftp/Collection/E11/E11_SegImgs_Paraxial.nii
Dataset:name:Specimens	/uod/idr/filesets/idr0124-esteban-heartmorphogenesis/20211023-ftp/Collection/E11/E11_SegImgs_Aortic_lumen.nii
Dataset:name:Specimens	/uod/idr/filesets/idr0124-esteban-heartmorphogenesis/20211023-ftp/Collection/E11/E11_SegImgs_Endocardial_lumen.nii
Dataset:name:Specimens	/uod/idr/filesets/idr0124-esteban-heartmorphogenesis/20211023-ftp/Collection/E11/E11_SegImgs_Foregut_endoderm.nii
Dataset:name:Specimens	/uod/idr/filesets/idr0124-esteban-heartmorphogenesis/20211023-ftp/Collection/E35/E35_SegImgs_Myocardium.nii
Dataset:name:Specimens	/uod/idr/filesets/idr0124-esteban-heartmorphogenesis/20211023-ftp/Collection/E35/E35_SegImgs_Splanchnic.nii
Dataset:name:Specimens	/uod/idr/filesets/idr0124-esteban-heartmorphogenesis/20211023-ftp/Collection/E35/E35_SegImgs_Somatic.nii
Dataset:name:Specimens	/uod/idr/filesets/idr0124-esteban-heartmorphogenesis/20211023-ftp/Collection/E35/E35_SegImgs_Paraxial.nii
Dataset:name:Specimens	/uod/idr/filesets/idr0124-esteban-heartmorphogenesis/20211023-ftp/Collection/E35/E35_SegImgs_Aortic_lumen.nii
Dataset:name:Specimens	/uod/idr/filesets/idr0124-esteban-heartmorphogenesis/20211023-ftp/Collection/E35/E35_SegImgs_Endocardial_lumen.nii
Dataset:name:Specimens	/uod/idr/filesets/idr0124-esteban-heartmorphogenesis/20211023-ftp/Collection/E35/E35_SegImgs_Foregut_endoderm.nii
Dataset:name:Specimens	/uod/idr/filesets/idr0124-esteban-heartmorphogenesis/20211023-ftp/Collection/E34/E34_SegImgs_Splanchnic.nii
Dataset:name:Specimens	/uod/idr/filesets/idr0124-esteban-heartmorphogenesis/20211023-ftp/Collection/E34/E34_SegImgs_Paraxial.nii
Dataset:name:Specimens	/uod/idr/filesets/idr0124-esteban-heartmorphogenesis/20211023-ftp/Collection/E34/E34_SegImgs_Aortic_lumen.nii
Dataset:name:Specimens	/uod/idr/filesets/idr0124-esteban-heartmorphogenesis/20211023-ftp/Collection/E34/E34_SegImgs_Foregut_endoderm.nii
Dataset:name:Specimens	/uod/idr/filesets/idr0124-esteban-heartmorphogenesis/20211023-ftp/Collection/E34/E34_SegImgs_Myocardium.nii
Dataset:name:Specimens	/uod/idr/filesets/idr0124-esteban-heartmorphogenesis/20211023-ftp/Collection/E34/E34_SegImgs_Somatic.nii
Dataset:name:Specimens	/uod/idr/filesets/idr0124-esteban-heartmorphogenesis/20211023-ftp/Collection/E34/E34_SegImgs_Endocardial_lumen.nii
Dataset:name:Specimens	/uod/idr/filesets/idr0124-esteban-heartmorphogenesis/20211023-ftp/Collection/E29/E29_SegImgs_Myocardium.nii
Dataset:name:Specimens	/uod/idr/filesets/idr0124-esteban-heartmorphogenesis/20211023-ftp/Collection/E29/E29_SegImgs_Splanchnic.nii
Dataset:name:Specimens	/uod/idr/filesets/idr0124-esteban-heartmorphogenesis/20211023-ftp/Collection/E29/E29_SegImgs_Somatic.nii
Dataset:name:Specimens	/uod/idr/filesets/idr0124-esteban-heartmorphogenesis/20211023-ftp/Collection/E29/E29_SegImgs_Paraxial.nii
Dataset:name:Specimens	/uod/idr/filesets/idr0124-esteban-heartmorphogenesis/20211023-ftp/Collection/E29/E29_SegImgs_Aortic_lumen.nii
Dataset:name:Specimens	/uod/idr/filesets/idr0124-esteban-heartmorphogenesis/20211023-ftp/Collection/E29/E29_SegImgs_Endocardial_lumen.nii
Dataset:name:Specimens	/uod/idr/filesets/idr0124-esteban-heartmorphogenesis/20211023-ftp/Collection/E29/E29_SegImgs_Foregut_endoderm.nii
Dataset:name:Specimens	/uod/idr/filesets/idr0124-esteban-heartmorphogenesis/20211023-ftp/Collection/E9/E9_SegImgs_Splanchnic.nii
Dataset:name:Specimens	/uod/idr/filesets/idr0124-esteban-heartmorphogenesis/20211023-ftp/Collection/E9/E9_SegImgs_Somatic.nii
Dataset:name:Specimens	/uod/idr/filesets/idr0124-esteban-heartmorphogenesis/20211023-ftp/Collection/E9/E9_SegImgs_Foregut_endoderm.nii
Dataset:name:Specimens	/uod/idr/filesets/idr0124-esteban-heartmorphogenesis/20211023-ftp/Collection/E9/E9_SegImgs_Myocardium.nii
Dataset:name:Specimens	/uod/idr/filesets/idr0124-esteban-heartmorphogenesis/20211023-ftp/Collection/E9/E9_SegImgs_Paraxial.nii
Dataset:name:Specimens	/uod/idr/filesets/idr0124-esteban-heartmorphogenesis/20211023-ftp/Collection/E9/E9_SegImgs_Aortic_lumen.nii
Dataset:name:Specimens	/uod/idr/filesets/idr0124-esteban-heartmorphogenesis/20211023-ftp/Collection/E9/E9_SegImgs_Endocardial_lumen.nii